<?xml version="1.0" encoding="utf-8"?>
<odoo>
    <data>
        <record id="student_timetable" model="ir.cron">
            <field name="name">Remove Scheduler</field>
            <field name="model_id" ref="model_school_timetable"/>
            <field name="state">code</field>
            <field name="code">model.remove_scheduler_student_timetable()</field>
            <field name="interval_number">1</field>
            <field name="interval_type">days</field>
            <field name="numbercall">-1</field>
        </record>
    </data>
</odoo>