id,name,model_id:id,group_id:id,perm_read,perm_write,perm_create,perm_unlink
access_school_student,school.school_student,model_school_student,base.group_user,1,1,1,1
access_school_faculty,school.school_faculty,model_school_faculty,base.group_user,1,1,1,1
access_school_subject,school.school_subject,model_school_subject,base.group_user,1,1,1,1
access_school_admission,school.school_admission,model_school_admission,base.group_user,1,1,1,1
access_school_timetable,school.school_timetable,model_school_timetable,base.group_user,1,1,1,1
access_teacher_timetable,school.teacher_timetable,model_teacher_timetable,base.group_user,1,1,1,1
access_school_standard,school.school_standard,model_school_standard,base.group_user,1,1,1,1
school.access_admission_line,access_admission_line,school.model_admission_line,base.group_user,1,1,1,1
access_timetable_master,school.timetable_master,model_timetable_master,base.group_user,1,1,1,1
access_timetable_schedule,school.timetable_schedule,model_timetable_schedule,base.group_user,1,1,1,1
access_create_studentdata_wizard,school.create_studentdata_wizard,model_create_studentdata_wizard,base.group_user,1,1,1,1

